{"cameraMode":{"drawMode":0,"name":"Shaded","section":"Shading Mode"},"sceneLighting":true,"audioPlay":false,"sceneViewState":{"m_AlwaysRefresh":false,"showFog":true,"showSkybox":true,"showFlares":true,"showImageEffects":true,"showParticleSystems":true,"showVisualEffectGraphs":true,"m_FxEnabled":true},"in2DMode":false,"pivot":{"x":-5.781083106994629,"y":-13.178356170654297,"z":-29.934146881103517},"rotation":{"x":0.026108335703611375,"y":0.9659816026687622,"z":-0.23364005982875825,"w":0.10796286165714264},"size":29.915449142456056,"orthographic":false}