{"cameraMode":{"drawMode":0,"name":"Shaded","section":"Shading Mode"},"sceneLighting":true,"audioPlay":false,"sceneViewState":{"m_AlwaysRefresh":false,"showFog":true,"showSkybox":true,"showFlares":true,"showImageEffects":true,"showParticleSystems":true,"showVisualEffectGraphs":true,"m_FxEnabled":true},"in2DMode":false,"pivot":{"x":-12.576510429382325,"y":6.090726375579834,"z":1.2316436767578126},"rotation":{"x":0.007682994939386845,"y":-0.9917055368423462,"z":0.07055151462554932,"w":0.10773361474275589},"size":18.590763092041017,"orthographic":false}