{"cameraMode":{"drawMode":0,"name":"Shaded","section":"Shading Mode"},"sceneLighting":true,"audioPlay":false,"sceneViewState":{"m_AlwaysRefresh":false,"showFog":true,"showSkybox":true,"showFlares":true,"showImageEffects":true,"showParticleSystems":true,"showVisualEffectGraphs":true,"m_FxEnabled":true},"in2DMode":false,"pivot":{"x":19.48284339904785,"y":2.5797271728515627,"z":0.8185274600982666},"rotation":{"x":-0.006306711118668318,"y":0.6805598139762878,"z":0.005982824135571718,"w":0.7327234148979187},"size":12.553108215332032,"orthographic":false}