{"cameraMode":{"drawMode":0,"name":"Shaded","section":"Shading Mode"},"sceneLighting":true,"audioPlay":false,"sceneViewState":{"m_AlwaysRefresh":false,"showFog":true,"showSkybox":true,"showFlares":true,"showImageEffects":true,"showParticleSystems":true,"showVisualEffectGraphs":true,"m_FxEnabled":true},"in2DMode":false,"pivot":{"x":7.963014602661133,"y":2.0360186100006105,"z":7.641023635864258},"rotation":{"x":0.03015022724866867,"y":0.057720210403203967,"z":-0.0018407697789371014,"w":0.9979374408721924},"size":14.676813125610352,"orthographic":false}